Model	PRAUC
agront-checkpoints-lr-1e-4	0.6853042612779442
agront-checkpoints-lr-1e-4	0.6349631608382307
agront-checkpoints-lr-1e-4	0.7164704413031051
agront-checkpoints-lr-1e-4	0.721732269208871
agront-checkpoints-lr-1e-4	0.6637752867228675
agront-checkpoints-lr-1e-4	0.576386102596876
agront-checkpoints-lr-1e-4	0.714682651005526
agront-checkpoints-lr-1e-4	0.6431314704142961
agront-checkpoints-lr-1e-4	0.7250740298182377
agront-checkpoints-lr-1e-4	0.7014925257776319
agront-checkpoints-lr-1e-4	0.7151278382856787
agront-checkpoints-lr-1e-4	0.5531467476983076
agront-checkpoints-lr-1e-4	0.699915621530774
agront-checkpoints-lr-1e-4	0.654507290307238
agront-checkpoints-lr-1e-4	0.6164355999672235
agront-checkpoints-lr-1e-4	0.6545783848480214
agront-checkpoints-lr-1e-4	0.7109674046372263
agront-checkpoints-lr-1e-4	0.717958216567169
agront-checkpoints-lr-1e-4	0.697573513920152
agront-checkpoints-lr-1e-4	0.701547502407256
agront-checkpoints-lr-1e-4	0.6822235341820609
agront-checkpoints-lr-1e-4	0.6978206245286932
agront-checkpoints-lr-1e-4	0.6916573471835111
agront-checkpoints-lr-1e-4	0.7115121248864618
agront-checkpoints-lr-1e-4	0.6836542674317961
agront-checkpoints-lr-1e-4	0.6775824340232104
agront-checkpoints-lr-1e-4	0.6882804130976125
agront-checkpoints-lr-1e-4	0.649015131753065
agront-checkpoints-lr-1e-4	0.7186609968918478
agront-checkpoints-lr-1e-4	0.6991992311210236
agront-checkpoints-lr-1e-4	0.7014919978411803
agront-checkpoints-lr-1e-4	0.5637442726599662
agront-checkpoints-lr-1e-4	0.3933464457289606
agront-checkpoints-lr-1e-4	0.6012811457938012
agront-checkpoints-lr-1e-4	0.7006884133488447
agront-checkpoints-lr-1e-4	0.7112585340777318
agront-checkpoints-lr-1e-4	0.5664512787246738
agront-checkpoints-lr-1e-4	0.6764999737224396
agront-checkpoints-lr-1e-4	0.6814274586667289
agront-checkpoints-lr-1e-4	0.7204059543246207
agront-checkpoints-lr-1e-4	0.7238682243201837
agront-checkpoints-lr-1e-4	0.5771251343294447
agront-checkpoints-lr-1e-4	0.6660660150817934
agront-checkpoints-lr-1e-4	0.6287589413980398
agront-checkpoints-lr-1e-4	0.610951473274181
agront-checkpoints-lr-1e-4	0.6619891106850967
agront-checkpoints-lr-1e-4	0.4711200381771448
agront-checkpoints-lr-1e-4	0.6705189315025859
agront-checkpoints-lr-1e-4	0.6311122371926796
agront-checkpoints-lr-1e-4	0.6597082993154263
agront-checkpoints-lr-1e-4	0.674683423726063
agront-checkpoints-lr-1e-4	0.6998465162369698
agront-checkpoints-lr-1e-4	0.665262780639913
agront-checkpoints-lr-1e-4	0.632571082758526
agront-checkpoints-lr-1e-4	0.7183307137460948
agront-checkpoints-lr-1e-4	0.7045509292249599
agront-checkpoints-lr-1e-4	0.5563131222728996
agront-checkpoints-lr-1e-4	0.5000871341719776
agront-checkpoints-lr-1e-4	0.6259690686995887
agront-checkpoints-lr-1e-4	0.5568484530468623
agront-checkpoints-lr-1e-4	0.7014099863596153
agront-checkpoints-lr-1e-4	0.6974176503431861
agront-checkpoints-lr-1e-4	0.6168848537566471
agront-checkpoints-lr-1e-4	0.6469233435375294
agront-checkpoints-lr-1e-4	0.6889183621306236
agront-checkpoints-lr-1e-4	0.4862707499932115
agront-checkpoints-lr-1e-4	0.6875588156681267
agront-checkpoints-lr-1e-4	0.49069580462485307
agront-checkpoints-lr-1e-4	0.35321685152648064
agront-checkpoints-lr-1e-4	0.5557103328472951
agront-checkpoints-lr-1e-4	0.6522988160043418
agront-checkpoints-lr-1e-4	0.7028713107546624
agront-checkpoints-lr-1e-4	0.7247445539796881
agront-checkpoints-lr-1e-4	0.7033916771234789
agront-checkpoints-lr-1e-4	0.7244837140055149
agront-checkpoints-lr-1e-4	0.648366543994052
agront-checkpoints-lr-1e-4	0.6918518898703592
agront-checkpoints-lr-1e-4	0.6819743721406069
agront-checkpoints-lr-1e-4	0.6068675328759894
agront-checkpoints-lr-1e-4	0.6047099569132501
agront-checkpoints-lr-1e-4	0.7286834438657961
agront-checkpoints-lr-1e-4	0.694670897747204
agront-checkpoints-lr-1e-4	0.6610562212671878
agront-checkpoints-lr-1e-4	0.559711364041022
agront-checkpoints-lr-1e-4	0.6391051465836798
agront-checkpoints-lr-1e-4	0.6302896366938097
agront-checkpoints-lr-1e-4	0.6734490496007518
agront-checkpoints-lr-1e-4	0.7001320917348977
agront-checkpoints-lr-1e-4	0.6155139604073514
agront-checkpoints-lr-1e-4	0.6939001473248884
agront-checkpoints-lr-1e-4	0.5126519237470945
agront-checkpoints-lr-1e-4	0.7000431737972612
cnn-lstm-imbalance-lr-1e-3	0.6134477433106986
cnn-lstm-imbalance-lr-1e-3	0.5680956463119229
cnn-lstm-imbalance-lr-1e-3	0.6446466653739573
cnn-lstm-imbalance-lr-1e-3	0.644784685844135
cnn-lstm-imbalance-lr-1e-3	0.5890329585630927
cnn-lstm-imbalance-lr-1e-3	0.5128180135690351
cnn-lstm-imbalance-lr-1e-3	0.6422015905126075
cnn-lstm-imbalance-lr-1e-3	0.5762975885086259
cnn-lstm-imbalance-lr-1e-3	0.6444838338122267
cnn-lstm-imbalance-lr-1e-3	0.6195886470769488
cnn-lstm-imbalance-lr-1e-3	0.6364378778514002
cnn-lstm-imbalance-lr-1e-3	0.49319382320123706
cnn-lstm-imbalance-lr-1e-3	0.6229520843187442
cnn-lstm-imbalance-lr-1e-3	0.5851346710140937
cnn-lstm-imbalance-lr-1e-3	0.5529077391554338
cnn-lstm-imbalance-lr-1e-3	0.5777985372386069
cnn-lstm-imbalance-lr-1e-3	0.6318850921076421
cnn-lstm-imbalance-lr-1e-3	0.6401341007352294
cnn-lstm-imbalance-lr-1e-3	0.6247539415610965
cnn-lstm-imbalance-lr-1e-3	0.6251134911398648
cnn-lstm-imbalance-lr-1e-3	0.6045810509027207
cnn-lstm-imbalance-lr-1e-3	0.6222976936969835
cnn-lstm-imbalance-lr-1e-3	0.6115564324897984
cnn-lstm-imbalance-lr-1e-3	0.6325328586799366
cnn-lstm-imbalance-lr-1e-3	0.6092676305953368
cnn-lstm-imbalance-lr-1e-3	0.6022886832929654
cnn-lstm-imbalance-lr-1e-3	0.6112416968251881
cnn-lstm-imbalance-lr-1e-3	0.580379574192926
cnn-lstm-imbalance-lr-1e-3	0.6376039493957912
cnn-lstm-imbalance-lr-1e-3	0.6177201553517113
cnn-lstm-imbalance-lr-1e-3	0.6221238718993153
cnn-lstm-imbalance-lr-1e-3	0.5142740366749972
cnn-lstm-imbalance-lr-1e-3	0.353292588043904
cnn-lstm-imbalance-lr-1e-3	0.5375306706688947
cnn-lstm-imbalance-lr-1e-3	0.6299859435059143
cnn-lstm-imbalance-lr-1e-3	0.6403917764220617
cnn-lstm-imbalance-lr-1e-3	0.503426217915656
cnn-lstm-imbalance-lr-1e-3	0.6088093703975963
cnn-lstm-imbalance-lr-1e-3	0.6107745327816907
cnn-lstm-imbalance-lr-1e-3	0.6493707803648374
cnn-lstm-imbalance-lr-1e-3	0.6487405414283057
cnn-lstm-imbalance-lr-1e-3	0.5277005868641684
cnn-lstm-imbalance-lr-1e-3	0.6005341387954265
cnn-lstm-imbalance-lr-1e-3	0.5699255552573179
cnn-lstm-imbalance-lr-1e-3	0.5612793635313951
cnn-lstm-imbalance-lr-1e-3	0.6014541160716771
cnn-lstm-imbalance-lr-1e-3	0.4360961490665561
cnn-lstm-imbalance-lr-1e-3	0.6073503099488717
cnn-lstm-imbalance-lr-1e-3	0.577426462089764
cnn-lstm-imbalance-lr-1e-3	0.6011160270766396
cnn-lstm-imbalance-lr-1e-3	0.6054794673239322
cnn-lstm-imbalance-lr-1e-3	0.6359510540164335
cnn-lstm-imbalance-lr-1e-3	0.5971149815913748
cnn-lstm-imbalance-lr-1e-3	0.5766119414422475
cnn-lstm-imbalance-lr-1e-3	0.6487187386512051
cnn-lstm-imbalance-lr-1e-3	0.6394539036174492
cnn-lstm-imbalance-lr-1e-3	0.5111799887920592
cnn-lstm-imbalance-lr-1e-3	0.4471139886451771
cnn-lstm-imbalance-lr-1e-3	0.57003856007273
cnn-lstm-imbalance-lr-1e-3	0.5049712071503745
cnn-lstm-imbalance-lr-1e-3	0.6300454271064981
cnn-lstm-imbalance-lr-1e-3	0.6314309554088631
cnn-lstm-imbalance-lr-1e-3	0.5631226940114977
cnn-lstm-imbalance-lr-1e-3	0.5883025389442352
cnn-lstm-imbalance-lr-1e-3	0.6309215944640325
cnn-lstm-imbalance-lr-1e-3	0.43441893358438427
cnn-lstm-imbalance-lr-1e-3	0.6220360626030527
cnn-lstm-imbalance-lr-1e-3	0.45454846242862373
cnn-lstm-imbalance-lr-1e-3	0.3163915701300465
cnn-lstm-imbalance-lr-1e-3	0.5117192001320335
cnn-lstm-imbalance-lr-1e-3	0.5902805567444003
cnn-lstm-imbalance-lr-1e-3	0.6279448037382288
cnn-lstm-imbalance-lr-1e-3	0.6481506516319119
cnn-lstm-imbalance-lr-1e-3	0.6235333011177596
cnn-lstm-imbalance-lr-1e-3	0.6483302642661369
cnn-lstm-imbalance-lr-1e-3	0.5787288001511866
cnn-lstm-imbalance-lr-1e-3	0.6167012443360405
cnn-lstm-imbalance-lr-1e-3	0.6096971118788056
cnn-lstm-imbalance-lr-1e-3	0.5407578706937723
cnn-lstm-imbalance-lr-1e-3	0.5411872162870126
cnn-lstm-imbalance-lr-1e-3	0.6502010042103474
cnn-lstm-imbalance-lr-1e-3	0.6223077763413398
cnn-lstm-imbalance-lr-1e-3	0.5964797480607467
cnn-lstm-imbalance-lr-1e-3	0.5027290497652213
cnn-lstm-imbalance-lr-1e-3	0.5684609388126921
cnn-lstm-imbalance-lr-1e-3	0.5692484723167142
cnn-lstm-imbalance-lr-1e-3	0.6054042363957196
cnn-lstm-imbalance-lr-1e-3	0.630601137855979
cnn-lstm-imbalance-lr-1e-3	0.5506422336523789
cnn-lstm-imbalance-lr-1e-3	0.6191384974094445
cnn-lstm-imbalance-lr-1e-3	0.4568825176529741
cnn-lstm-imbalance-lr-1e-3	0.6249276127630199
2nd_pcv2-l24-d0768-checkpoints-lr-1e-4	0.6805586758433253
2nd_pcv2-l24-d0768-checkpoints-lr-1e-4	0.627175285431774
2nd_pcv2-l24-d0768-checkpoints-lr-1e-4	0.7083465582384258
2nd_pcv2-l24-d0768-checkpoints-lr-1e-4	0.7137403353634184
2nd_pcv2-l24-d0768-checkpoints-lr-1e-4	0.6520881532922025
2nd_pcv2-l24-d0768-checkpoints-lr-1e-4	0.5674049789842516
2nd_pcv2-l24-d0768-checkpoints-lr-1e-4	0.7057066380809749
2nd_pcv2-l24-d0768-checkpoints-lr-1e-4	0.6373200507275645
2nd_pcv2-l24-d0768-checkpoints-lr-1e-4	0.7130939348164135
2nd_pcv2-l24-d0768-checkpoints-lr-1e-4	0.6870041613037245
2nd_pcv2-l24-d0768-checkpoints-lr-1e-4	0.7094601169114296
2nd_pcv2-l24-d0768-checkpoints-lr-1e-4	0.5494424095119101
2nd_pcv2-l24-d0768-checkpoints-lr-1e-4	0.6874304038158614
2nd_pcv2-l24-d0768-checkpoints-lr-1e-4	0.6487009213686497
2nd_pcv2-l24-d0768-checkpoints-lr-1e-4	0.6121491739394758
2nd_pcv2-l24-d0768-checkpoints-lr-1e-4	0.6395877649963257
2nd_pcv2-l24-d0768-checkpoints-lr-1e-4	0.6993575721930919
2nd_pcv2-l24-d0768-checkpoints-lr-1e-4	0.705884010891214
2nd_pcv2-l24-d0768-checkpoints-lr-1e-4	0.6868840977924408
2nd_pcv2-l24-d0768-checkpoints-lr-1e-4	0.6896818481394489
2nd_pcv2-l24-d0768-checkpoints-lr-1e-4	0.6710429750256719
2nd_pcv2-l24-d0768-checkpoints-lr-1e-4	0.6868756903305993
2nd_pcv2-l24-d0768-checkpoints-lr-1e-4	0.6808824458089784
2nd_pcv2-l24-d0768-checkpoints-lr-1e-4	0.7007456858602428
2nd_pcv2-l24-d0768-checkpoints-lr-1e-4	0.6716548090103056
2nd_pcv2-l24-d0768-checkpoints-lr-1e-4	0.6691232071488143
2nd_pcv2-l24-d0768-checkpoints-lr-1e-4	0.6779950448777652
2nd_pcv2-l24-d0768-checkpoints-lr-1e-4	0.6415529140753997
2nd_pcv2-l24-d0768-checkpoints-lr-1e-4	0.709120775766815
2nd_pcv2-l24-d0768-checkpoints-lr-1e-4	0.6892145380972077
2nd_pcv2-l24-d0768-checkpoints-lr-1e-4	0.6909722216959588
2nd_pcv2-l24-d0768-checkpoints-lr-1e-4	0.5531274147955271
2nd_pcv2-l24-d0768-checkpoints-lr-1e-4	0.38837521639894257
2nd_pcv2-l24-d0768-checkpoints-lr-1e-4	0.5860313931850667
2nd_pcv2-l24-d0768-checkpoints-lr-1e-4	0.6856688297820093
2nd_pcv2-l24-d0768-checkpoints-lr-1e-4	0.6952926320197663
2nd_pcv2-l24-d0768-checkpoints-lr-1e-4	0.5536151709583844
2nd_pcv2-l24-d0768-checkpoints-lr-1e-4	0.6625575896004294
2nd_pcv2-l24-d0768-checkpoints-lr-1e-4	0.6680533950528007
2nd_pcv2-l24-d0768-checkpoints-lr-1e-4	0.7047294057632814
2nd_pcv2-l24-d0768-checkpoints-lr-1e-4	0.71391278008228
2nd_pcv2-l24-d0768-checkpoints-lr-1e-4	0.5686328806014902
2nd_pcv2-l24-d0768-checkpoints-lr-1e-4	0.6598969246029944
2nd_pcv2-l24-d0768-checkpoints-lr-1e-4	0.6221499388105949
2nd_pcv2-l24-d0768-checkpoints-lr-1e-4	0.606144817347088
2nd_pcv2-l24-d0768-checkpoints-lr-1e-4	0.6567424441290821
2nd_pcv2-l24-d0768-checkpoints-lr-1e-4	0.4571204917444708
2nd_pcv2-l24-d0768-checkpoints-lr-1e-4	0.6665388822692768
2nd_pcv2-l24-d0768-checkpoints-lr-1e-4	0.6225531660683705
2nd_pcv2-l24-d0768-checkpoints-lr-1e-4	0.6587012125488568
2nd_pcv2-l24-d0768-checkpoints-lr-1e-4	0.6634172909532419
2nd_pcv2-l24-d0768-checkpoints-lr-1e-4	0.6895671334170693
2nd_pcv2-l24-d0768-checkpoints-lr-1e-4	0.6585923682517174
2nd_pcv2-l24-d0768-checkpoints-lr-1e-4	0.6264179702097057
2nd_pcv2-l24-d0768-checkpoints-lr-1e-4	0.7134331552200108
2nd_pcv2-l24-d0768-checkpoints-lr-1e-4	0.6999954186482629
2nd_pcv2-l24-d0768-checkpoints-lr-1e-4	0.5501680347690661
2nd_pcv2-l24-d0768-checkpoints-lr-1e-4	0.48876810979404556
2nd_pcv2-l24-d0768-checkpoints-lr-1e-4	0.6190905756513368
2nd_pcv2-l24-d0768-checkpoints-lr-1e-4	0.5441150992715285
2nd_pcv2-l24-d0768-checkpoints-lr-1e-4	0.6919482777426218
2nd_pcv2-l24-d0768-checkpoints-lr-1e-4	0.6917312416000279
2nd_pcv2-l24-d0768-checkpoints-lr-1e-4	0.6117021041675165
2nd_pcv2-l24-d0768-checkpoints-lr-1e-4	0.6405784029599917
2nd_pcv2-l24-d0768-checkpoints-lr-1e-4	0.6854126405462004
2nd_pcv2-l24-d0768-checkpoints-lr-1e-4	0.4803573380746713
2nd_pcv2-l24-d0768-checkpoints-lr-1e-4	0.6818062254738783
2nd_pcv2-l24-d0768-checkpoints-lr-1e-4	0.48383603489732824
2nd_pcv2-l24-d0768-checkpoints-lr-1e-4	0.3372463363822271
2nd_pcv2-l24-d0768-checkpoints-lr-1e-4	0.5471753300769828
2nd_pcv2-l24-d0768-checkpoints-lr-1e-4	0.6433264117683
2nd_pcv2-l24-d0768-checkpoints-lr-1e-4	0.6941410164249406
2nd_pcv2-l24-d0768-checkpoints-lr-1e-4	0.7170031880962442
2nd_pcv2-l24-d0768-checkpoints-lr-1e-4	0.6921400166081778
2nd_pcv2-l24-d0768-checkpoints-lr-1e-4	0.7172638452532937
2nd_pcv2-l24-d0768-checkpoints-lr-1e-4	0.6396786546552254
2nd_pcv2-l24-d0768-checkpoints-lr-1e-4	0.6844062561736681
2nd_pcv2-l24-d0768-checkpoints-lr-1e-4	0.6750551441624371
2nd_pcv2-l24-d0768-checkpoints-lr-1e-4	0.5993847387686642
2nd_pcv2-l24-d0768-checkpoints-lr-1e-4	0.5958572322855813
2nd_pcv2-l24-d0768-checkpoints-lr-1e-4	0.7204378440605387
2nd_pcv2-l24-d0768-checkpoints-lr-1e-4	0.6862410844154399
2nd_pcv2-l24-d0768-checkpoints-lr-1e-4	0.6544728374731345
2nd_pcv2-l24-d0768-checkpoints-lr-1e-4	0.5525236491028418
2nd_pcv2-l24-d0768-checkpoints-lr-1e-4	0.6284147616032785
2nd_pcv2-l24-d0768-checkpoints-lr-1e-4	0.6252845569410259
2nd_pcv2-l24-d0768-checkpoints-lr-1e-4	0.6626721949607657
2nd_pcv2-l24-d0768-checkpoints-lr-1e-4	0.6940637976574418
2nd_pcv2-l24-d0768-checkpoints-lr-1e-4	0.6080289598861617
2nd_pcv2-l24-d0768-checkpoints-lr-1e-4	0.6853855890005551
2nd_pcv2-l24-d0768-checkpoints-lr-1e-4	0.506116523275636
2nd_pcv2-l24-d0768-checkpoints-lr-1e-4	0.6930214410622958
2nd_pcv2-l48-d1024-checkpoints-lr-1e-4	0.6925300757291563
2nd_pcv2-l48-d1024-checkpoints-lr-1e-4	0.6355503527017193
2nd_pcv2-l48-d1024-checkpoints-lr-1e-4	0.7207339205056367
2nd_pcv2-l48-d1024-checkpoints-lr-1e-4	0.725521237505952
2nd_pcv2-l48-d1024-checkpoints-lr-1e-4	0.6652445611146968
2nd_pcv2-l48-d1024-checkpoints-lr-1e-4	0.5817834698090059
2nd_pcv2-l48-d1024-checkpoints-lr-1e-4	0.719026484914332
2nd_pcv2-l48-d1024-checkpoints-lr-1e-4	0.6495060811531275
2nd_pcv2-l48-d1024-checkpoints-lr-1e-4	0.7305163127582843
2nd_pcv2-l48-d1024-checkpoints-lr-1e-4	0.7048781717674915
2nd_pcv2-l48-d1024-checkpoints-lr-1e-4	0.7214251995229467
2nd_pcv2-l48-d1024-checkpoints-lr-1e-4	0.5633783216806441
2nd_pcv2-l48-d1024-checkpoints-lr-1e-4	0.7043619282188944
2nd_pcv2-l48-d1024-checkpoints-lr-1e-4	0.6617331813111574
2nd_pcv2-l48-d1024-checkpoints-lr-1e-4	0.6211548207181228
2nd_pcv2-l48-d1024-checkpoints-lr-1e-4	0.656187225309512
2nd_pcv2-l48-d1024-checkpoints-lr-1e-4	0.7133597010520191
2nd_pcv2-l48-d1024-checkpoints-lr-1e-4	0.7218888894177767
2nd_pcv2-l48-d1024-checkpoints-lr-1e-4	0.7029426072001876
2nd_pcv2-l48-d1024-checkpoints-lr-1e-4	0.7038971443520976
2nd_pcv2-l48-d1024-checkpoints-lr-1e-4	0.6873551417565419
2nd_pcv2-l48-d1024-checkpoints-lr-1e-4	0.7033133864927944
2nd_pcv2-l48-d1024-checkpoints-lr-1e-4	0.6970885331383488
2nd_pcv2-l48-d1024-checkpoints-lr-1e-4	0.7177044337932519
2nd_pcv2-l48-d1024-checkpoints-lr-1e-4	0.6901581187454516
2nd_pcv2-l48-d1024-checkpoints-lr-1e-4	0.6847007823316106
2nd_pcv2-l48-d1024-checkpoints-lr-1e-4	0.6919578016240895
2nd_pcv2-l48-d1024-checkpoints-lr-1e-4	0.6548934261208591
2nd_pcv2-l48-d1024-checkpoints-lr-1e-4	0.7255425427488728
2nd_pcv2-l48-d1024-checkpoints-lr-1e-4	0.7038231342865349
2nd_pcv2-l48-d1024-checkpoints-lr-1e-4	0.706808719740967
2nd_pcv2-l48-d1024-checkpoints-lr-1e-4	0.5649884483911577
2nd_pcv2-l48-d1024-checkpoints-lr-1e-4	0.39636858083217263
2nd_pcv2-l48-d1024-checkpoints-lr-1e-4	0.6002914919290445
2nd_pcv2-l48-d1024-checkpoints-lr-1e-4	0.6972864837644288
2nd_pcv2-l48-d1024-checkpoints-lr-1e-4	0.710547041078616
2nd_pcv2-l48-d1024-checkpoints-lr-1e-4	0.5665412644948683
2nd_pcv2-l48-d1024-checkpoints-lr-1e-4	0.6744946031167565
2nd_pcv2-l48-d1024-checkpoints-lr-1e-4	0.6818866988691932
2nd_pcv2-l48-d1024-checkpoints-lr-1e-4	0.7174672168315417
2nd_pcv2-l48-d1024-checkpoints-lr-1e-4	0.7247172164689697
2nd_pcv2-l48-d1024-checkpoints-lr-1e-4	0.5790869965940358
2nd_pcv2-l48-d1024-checkpoints-lr-1e-4	0.6727856802108634
2nd_pcv2-l48-d1024-checkpoints-lr-1e-4	0.6344374739348851
2nd_pcv2-l48-d1024-checkpoints-lr-1e-4	0.6169719495226047
2nd_pcv2-l48-d1024-checkpoints-lr-1e-4	0.6710328715809146
2nd_pcv2-l48-d1024-checkpoints-lr-1e-4	0.4675923947547948
2nd_pcv2-l48-d1024-checkpoints-lr-1e-4	0.6790577279429822
2nd_pcv2-l48-d1024-checkpoints-lr-1e-4	0.6311272936217366
2nd_pcv2-l48-d1024-checkpoints-lr-1e-4	0.6685242800014466
2nd_pcv2-l48-d1024-checkpoints-lr-1e-4	0.6753839479994952
2nd_pcv2-l48-d1024-checkpoints-lr-1e-4	0.7022166349869232
2nd_pcv2-l48-d1024-checkpoints-lr-1e-4	0.6676244273747686
2nd_pcv2-l48-d1024-checkpoints-lr-1e-4	0.6391634267728097
2nd_pcv2-l48-d1024-checkpoints-lr-1e-4	0.7237116411919416
2nd_pcv2-l48-d1024-checkpoints-lr-1e-4	0.7127983603428993
2nd_pcv2-l48-d1024-checkpoints-lr-1e-4	0.5557882266512137
2nd_pcv2-l48-d1024-checkpoints-lr-1e-4	0.49878022917256315
2nd_pcv2-l48-d1024-checkpoints-lr-1e-4	0.629604832925656
2nd_pcv2-l48-d1024-checkpoints-lr-1e-4	0.552576942454564
2nd_pcv2-l48-d1024-checkpoints-lr-1e-4	0.7044953107100795
2nd_pcv2-l48-d1024-checkpoints-lr-1e-4	0.7023902378166211
2nd_pcv2-l48-d1024-checkpoints-lr-1e-4	0.6243992547062015
2nd_pcv2-l48-d1024-checkpoints-lr-1e-4	0.649321554599777
2nd_pcv2-l48-d1024-checkpoints-lr-1e-4	0.6989538197210095
2nd_pcv2-l48-d1024-checkpoints-lr-1e-4	0.49152394268166405
2nd_pcv2-l48-d1024-checkpoints-lr-1e-4	0.691872624081461
2nd_pcv2-l48-d1024-checkpoints-lr-1e-4	0.49176337377237567
2nd_pcv2-l48-d1024-checkpoints-lr-1e-4	0.3470226833700225
2nd_pcv2-l48-d1024-checkpoints-lr-1e-4	0.5536700794021192
2nd_pcv2-l48-d1024-checkpoints-lr-1e-4	0.6547279362627922
2nd_pcv2-l48-d1024-checkpoints-lr-1e-4	0.7096450590666753
2nd_pcv2-l48-d1024-checkpoints-lr-1e-4	0.7315821315260513
2nd_pcv2-l48-d1024-checkpoints-lr-1e-4	0.7083876581587075
2nd_pcv2-l48-d1024-checkpoints-lr-1e-4	0.7317103915305518
2nd_pcv2-l48-d1024-checkpoints-lr-1e-4	0.6533936091429129
2nd_pcv2-l48-d1024-checkpoints-lr-1e-4	0.6986011881272615
2nd_pcv2-l48-d1024-checkpoints-lr-1e-4	0.6894518040541949
2nd_pcv2-l48-d1024-checkpoints-lr-1e-4	0.6117577588570902
2nd_pcv2-l48-d1024-checkpoints-lr-1e-4	0.6069113063234549
2nd_pcv2-l48-d1024-checkpoints-lr-1e-4	0.734502761051706
2nd_pcv2-l48-d1024-checkpoints-lr-1e-4	0.6995461391511026
2nd_pcv2-l48-d1024-checkpoints-lr-1e-4	0.6687092330139464
2nd_pcv2-l48-d1024-checkpoints-lr-1e-4	0.564156888755007
2nd_pcv2-l48-d1024-checkpoints-lr-1e-4	0.6418244922923522
2nd_pcv2-l48-d1024-checkpoints-lr-1e-4	0.6351265064375637
2nd_pcv2-l48-d1024-checkpoints-lr-1e-4	0.6768547602364217
2nd_pcv2-l48-d1024-checkpoints-lr-1e-4	0.708232369669455
2nd_pcv2-l48-d1024-checkpoints-lr-1e-4	0.6179483519913258
2nd_pcv2-l48-d1024-checkpoints-lr-1e-4	0.7000338098033257
2nd_pcv2-l48-d1024-checkpoints-lr-1e-4	0.5139710322756808
2nd_pcv2-l48-d1024-checkpoints-lr-1e-4	0.7053025839766818
2nd_pcv2-l48-d1536-checkpoints-lr-1e-4	0.6988219502187583
2nd_pcv2-l48-d1536-checkpoints-lr-1e-4	0.644839692585433
2nd_pcv2-l48-d1536-checkpoints-lr-1e-4	0.7275105722135049
2nd_pcv2-l48-d1536-checkpoints-lr-1e-4	0.7308663865093531
2nd_pcv2-l48-d1536-checkpoints-lr-1e-4	0.6722376310364515
2nd_pcv2-l48-d1536-checkpoints-lr-1e-4	0.5879294038886149
2nd_pcv2-l48-d1536-checkpoints-lr-1e-4	0.7255532909087488
2nd_pcv2-l48-d1536-checkpoints-lr-1e-4	0.6546089003496265
2nd_pcv2-l48-d1536-checkpoints-lr-1e-4	0.7408213414882373
2nd_pcv2-l48-d1536-checkpoints-lr-1e-4	0.7136274493953385
2nd_pcv2-l48-d1536-checkpoints-lr-1e-4	0.732677206803705
2nd_pcv2-l48-d1536-checkpoints-lr-1e-4	0.5663868619623127
2nd_pcv2-l48-d1536-checkpoints-lr-1e-4	0.7129341253467464
2nd_pcv2-l48-d1536-checkpoints-lr-1e-4	0.6676385078247715
2nd_pcv2-l48-d1536-checkpoints-lr-1e-4	0.6288225473100004
2nd_pcv2-l48-d1536-checkpoints-lr-1e-4	0.6659604303182307
2nd_pcv2-l48-d1536-checkpoints-lr-1e-4	0.723698185923232
2nd_pcv2-l48-d1536-checkpoints-lr-1e-4	0.7314543441421864
2nd_pcv2-l48-d1536-checkpoints-lr-1e-4	0.7127051078579816
2nd_pcv2-l48-d1536-checkpoints-lr-1e-4	0.7132516501554785
2nd_pcv2-l48-d1536-checkpoints-lr-1e-4	0.6992528578722128
2nd_pcv2-l48-d1536-checkpoints-lr-1e-4	0.7098781705340056
2nd_pcv2-l48-d1536-checkpoints-lr-1e-4	0.7086174491823819
2nd_pcv2-l48-d1536-checkpoints-lr-1e-4	0.7274846790555838
2nd_pcv2-l48-d1536-checkpoints-lr-1e-4	0.6989728146547461
2nd_pcv2-l48-d1536-checkpoints-lr-1e-4	0.6920932232583804
2nd_pcv2-l48-d1536-checkpoints-lr-1e-4	0.7007603087318875
2nd_pcv2-l48-d1536-checkpoints-lr-1e-4	0.6625693125484009
2nd_pcv2-l48-d1536-checkpoints-lr-1e-4	0.7350217740781759
2nd_pcv2-l48-d1536-checkpoints-lr-1e-4	0.7133788066182709
2nd_pcv2-l48-d1536-checkpoints-lr-1e-4	0.7156789953774867
2nd_pcv2-l48-d1536-checkpoints-lr-1e-4	0.5691687318099657
2nd_pcv2-l48-d1536-checkpoints-lr-1e-4	0.4060858225804037
2nd_pcv2-l48-d1536-checkpoints-lr-1e-4	0.6083951173999066
2nd_pcv2-l48-d1536-checkpoints-lr-1e-4	0.7049682055685672
2nd_pcv2-l48-d1536-checkpoints-lr-1e-4	0.7184177684352062
2nd_pcv2-l48-d1536-checkpoints-lr-1e-4	0.5742115548329519
2nd_pcv2-l48-d1536-checkpoints-lr-1e-4	0.683868943786264
2nd_pcv2-l48-d1536-checkpoints-lr-1e-4	0.6896809384874176
2nd_pcv2-l48-d1536-checkpoints-lr-1e-4	0.7256241868688361
2nd_pcv2-l48-d1536-checkpoints-lr-1e-4	0.7298339374652446
2nd_pcv2-l48-d1536-checkpoints-lr-1e-4	0.5865088531995825
2nd_pcv2-l48-d1536-checkpoints-lr-1e-4	0.6797095278144931
2nd_pcv2-l48-d1536-checkpoints-lr-1e-4	0.639944251525788
2nd_pcv2-l48-d1536-checkpoints-lr-1e-4	0.6264716725069086
2nd_pcv2-l48-d1536-checkpoints-lr-1e-4	0.6772398281890358
2nd_pcv2-l48-d1536-checkpoints-lr-1e-4	0.47770844104757026
2nd_pcv2-l48-d1536-checkpoints-lr-1e-4	0.6855499099787656
2nd_pcv2-l48-d1536-checkpoints-lr-1e-4	0.6360605520606872
2nd_pcv2-l48-d1536-checkpoints-lr-1e-4	0.6754157468788068
2nd_pcv2-l48-d1536-checkpoints-lr-1e-4	0.6833345742648675
2nd_pcv2-l48-d1536-checkpoints-lr-1e-4	0.709412083414364
2nd_pcv2-l48-d1536-checkpoints-lr-1e-4	0.6750437919043086
2nd_pcv2-l48-d1536-checkpoints-lr-1e-4	0.6458080555448678
2nd_pcv2-l48-d1536-checkpoints-lr-1e-4	0.7307393323142066
2nd_pcv2-l48-d1536-checkpoints-lr-1e-4	0.7203311373500493
2nd_pcv2-l48-d1536-checkpoints-lr-1e-4	0.5658817869334558
2nd_pcv2-l48-d1536-checkpoints-lr-1e-4	0.5090500165494278
2nd_pcv2-l48-d1536-checkpoints-lr-1e-4	0.6360966414495058
2nd_pcv2-l48-d1536-checkpoints-lr-1e-4	0.5610208311427257
2nd_pcv2-l48-d1536-checkpoints-lr-1e-4	0.7115626594975237
2nd_pcv2-l48-d1536-checkpoints-lr-1e-4	0.7085279619132844
2nd_pcv2-l48-d1536-checkpoints-lr-1e-4	0.6305172681128799
2nd_pcv2-l48-d1536-checkpoints-lr-1e-4	0.658195980593283
2nd_pcv2-l48-d1536-checkpoints-lr-1e-4	0.7052923895784625
2nd_pcv2-l48-d1536-checkpoints-lr-1e-4	0.5019184672721942
2nd_pcv2-l48-d1536-checkpoints-lr-1e-4	0.697856624761579
2nd_pcv2-l48-d1536-checkpoints-lr-1e-4	0.4974346360399611
2nd_pcv2-l48-d1536-checkpoints-lr-1e-4	0.351122207745116
2nd_pcv2-l48-d1536-checkpoints-lr-1e-4	0.561448082381721
2nd_pcv2-l48-d1536-checkpoints-lr-1e-4	0.6581823490297538
2nd_pcv2-l48-d1536-checkpoints-lr-1e-4	0.71635980987846
2nd_pcv2-l48-d1536-checkpoints-lr-1e-4	0.7397293978104409
2nd_pcv2-l48-d1536-checkpoints-lr-1e-4	0.716980908373826
2nd_pcv2-l48-d1536-checkpoints-lr-1e-4	0.7412211787092023
2nd_pcv2-l48-d1536-checkpoints-lr-1e-4	0.6580418944588622
2nd_pcv2-l48-d1536-checkpoints-lr-1e-4	0.7075521981615056
2nd_pcv2-l48-d1536-checkpoints-lr-1e-4	0.6983465748675314
2nd_pcv2-l48-d1536-checkpoints-lr-1e-4	0.6193873648717269
2nd_pcv2-l48-d1536-checkpoints-lr-1e-4	0.6155473696148135
2nd_pcv2-l48-d1536-checkpoints-lr-1e-4	0.743979250346919
2nd_pcv2-l48-d1536-checkpoints-lr-1e-4	0.7086604163396012
2nd_pcv2-l48-d1536-checkpoints-lr-1e-4	0.6743979812497527
2nd_pcv2-l48-d1536-checkpoints-lr-1e-4	0.5706869539919981
2nd_pcv2-l48-d1536-checkpoints-lr-1e-4	0.6535824003369665
2nd_pcv2-l48-d1536-checkpoints-lr-1e-4	0.6407507287564568
2nd_pcv2-l48-d1536-checkpoints-lr-1e-4	0.6805965313413718
2nd_pcv2-l48-d1536-checkpoints-lr-1e-4	0.710525334078
2nd_pcv2-l48-d1536-checkpoints-lr-1e-4	0.6249411677777112
2nd_pcv2-l48-d1536-checkpoints-lr-1e-4	0.7050725132700666
2nd_pcv2-l48-d1536-checkpoints-lr-1e-4	0.5262578683352077
2nd_pcv2-l48-d1536-checkpoints-lr-1e-4	0.711330299816495
sup_pcv2-l24-d0768-checkpoints-lr-1e-4	0.5827274724983325
sup_pcv2-l24-d0768-checkpoints-lr-1e-4	0.5359655470873589
sup_pcv2-l24-d0768-checkpoints-lr-1e-4	0.6115289953192187
sup_pcv2-l24-d0768-checkpoints-lr-1e-4	0.6125593287322106
sup_pcv2-l24-d0768-checkpoints-lr-1e-4	0.5551597477908001
sup_pcv2-l24-d0768-checkpoints-lr-1e-4	0.48808020459201734
sup_pcv2-l24-d0768-checkpoints-lr-1e-4	0.60678750940045
sup_pcv2-l24-d0768-checkpoints-lr-1e-4	0.5444526673578866
sup_pcv2-l24-d0768-checkpoints-lr-1e-4	0.6016404283416101
sup_pcv2-l24-d0768-checkpoints-lr-1e-4	0.5768262955877731
sup_pcv2-l24-d0768-checkpoints-lr-1e-4	0.6074442473118918
sup_pcv2-l24-d0768-checkpoints-lr-1e-4	0.45950507931877954
sup_pcv2-l24-d0768-checkpoints-lr-1e-4	0.5738576674035185
sup_pcv2-l24-d0768-checkpoints-lr-1e-4	0.550370115875023
sup_pcv2-l24-d0768-checkpoints-lr-1e-4	0.5129200014999507
sup_pcv2-l24-d0768-checkpoints-lr-1e-4	0.5332787997531213
sup_pcv2-l24-d0768-checkpoints-lr-1e-4	0.5875283073601958
sup_pcv2-l24-d0768-checkpoints-lr-1e-4	0.5976101092839431
sup_pcv2-l24-d0768-checkpoints-lr-1e-4	0.5858210182137966
sup_pcv2-l24-d0768-checkpoints-lr-1e-4	0.5808111146579509
sup_pcv2-l24-d0768-checkpoints-lr-1e-4	0.5625372487005531
sup_pcv2-l24-d0768-checkpoints-lr-1e-4	0.5809149224719143
sup_pcv2-l24-d0768-checkpoints-lr-1e-4	0.569740359726191
sup_pcv2-l24-d0768-checkpoints-lr-1e-4	0.5896409459210146
sup_pcv2-l24-d0768-checkpoints-lr-1e-4	0.5664059149294618
sup_pcv2-l24-d0768-checkpoints-lr-1e-4	0.5645857041069333
sup_pcv2-l24-d0768-checkpoints-lr-1e-4	0.5655813768771665
sup_pcv2-l24-d0768-checkpoints-lr-1e-4	0.5412048695017633
sup_pcv2-l24-d0768-checkpoints-lr-1e-4	0.6007002997743902
sup_pcv2-l24-d0768-checkpoints-lr-1e-4	0.5811519817991296
sup_pcv2-l24-d0768-checkpoints-lr-1e-4	0.5901435900723584
sup_pcv2-l24-d0768-checkpoints-lr-1e-4	0.48818894816748165
sup_pcv2-l24-d0768-checkpoints-lr-1e-4	0.3356282530191223
sup_pcv2-l24-d0768-checkpoints-lr-1e-4	0.5008044796103576
sup_pcv2-l24-d0768-checkpoints-lr-1e-4	0.5988741620344723
sup_pcv2-l24-d0768-checkpoints-lr-1e-4	0.6038813940527822
sup_pcv2-l24-d0768-checkpoints-lr-1e-4	0.46763568656630194
sup_pcv2-l24-d0768-checkpoints-lr-1e-4	0.5790484400936744
sup_pcv2-l24-d0768-checkpoints-lr-1e-4	0.5754716953924743
sup_pcv2-l24-d0768-checkpoints-lr-1e-4	0.6153671559693912
sup_pcv2-l24-d0768-checkpoints-lr-1e-4	0.616785114865442
sup_pcv2-l24-d0768-checkpoints-lr-1e-4	0.49871075239535256
sup_pcv2-l24-d0768-checkpoints-lr-1e-4	0.57055015067354
sup_pcv2-l24-d0768-checkpoints-lr-1e-4	0.5369399905383041
sup_pcv2-l24-d0768-checkpoints-lr-1e-4	0.5251525865761459
sup_pcv2-l24-d0768-checkpoints-lr-1e-4	0.5667788853686392
sup_pcv2-l24-d0768-checkpoints-lr-1e-4	0.4022602183330637
sup_pcv2-l24-d0768-checkpoints-lr-1e-4	0.5748924886494158
sup_pcv2-l24-d0768-checkpoints-lr-1e-4	0.5490323090475127
sup_pcv2-l24-d0768-checkpoints-lr-1e-4	0.5692774111122483
sup_pcv2-l24-d0768-checkpoints-lr-1e-4	0.5766013692090253
sup_pcv2-l24-d0768-checkpoints-lr-1e-4	0.6088958514771363
sup_pcv2-l24-d0768-checkpoints-lr-1e-4	0.5690739519521675
sup_pcv2-l24-d0768-checkpoints-lr-1e-4	0.5449082035994743
sup_pcv2-l24-d0768-checkpoints-lr-1e-4	0.6207534493037592
sup_pcv2-l24-d0768-checkpoints-lr-1e-4	0.6118280137176885
sup_pcv2-l24-d0768-checkpoints-lr-1e-4	0.47595092715275694
sup_pcv2-l24-d0768-checkpoints-lr-1e-4	0.4186651492720995
sup_pcv2-l24-d0768-checkpoints-lr-1e-4	0.5453143658906079
sup_pcv2-l24-d0768-checkpoints-lr-1e-4	0.4792713015477355
sup_pcv2-l24-d0768-checkpoints-lr-1e-4	0.6042323149994455
sup_pcv2-l24-d0768-checkpoints-lr-1e-4	0.596096399720062
sup_pcv2-l24-d0768-checkpoints-lr-1e-4	0.528654926825178
sup_pcv2-l24-d0768-checkpoints-lr-1e-4	0.5600527210863572
sup_pcv2-l24-d0768-checkpoints-lr-1e-4	0.5890796958258586
sup_pcv2-l24-d0768-checkpoints-lr-1e-4	0.4077791976259634
sup_pcv2-l24-d0768-checkpoints-lr-1e-4	0.5882368968457299
sup_pcv2-l24-d0768-checkpoints-lr-1e-4	0.42554348387114316
sup_pcv2-l24-d0768-checkpoints-lr-1e-4	0.2989983394635437
sup_pcv2-l24-d0768-checkpoints-lr-1e-4	0.4822344329784264
sup_pcv2-l24-d0768-checkpoints-lr-1e-4	0.5610017800145211
sup_pcv2-l24-d0768-checkpoints-lr-1e-4	0.5876749768524078
sup_pcv2-l24-d0768-checkpoints-lr-1e-4	0.6110735229260589
sup_pcv2-l24-d0768-checkpoints-lr-1e-4	0.5790404018866047
sup_pcv2-l24-d0768-checkpoints-lr-1e-4	0.6093666440194376
sup_pcv2-l24-d0768-checkpoints-lr-1e-4	0.5451318464312351
sup_pcv2-l24-d0768-checkpoints-lr-1e-4	0.5770840798376407
sup_pcv2-l24-d0768-checkpoints-lr-1e-4	0.5675851071240442
sup_pcv2-l24-d0768-checkpoints-lr-1e-4	0.5053366665182184
sup_pcv2-l24-d0768-checkpoints-lr-1e-4	0.5094144500788772
sup_pcv2-l24-d0768-checkpoints-lr-1e-4	0.6124741811654462
sup_pcv2-l24-d0768-checkpoints-lr-1e-4	0.5826467020868555
sup_pcv2-l24-d0768-checkpoints-lr-1e-4	0.5572217130199982
sup_pcv2-l24-d0768-checkpoints-lr-1e-4	0.4692576644336586
sup_pcv2-l24-d0768-checkpoints-lr-1e-4	0.5346096041687187
sup_pcv2-l24-d0768-checkpoints-lr-1e-4	0.5380011475909067
sup_pcv2-l24-d0768-checkpoints-lr-1e-4	0.5779423560896106
sup_pcv2-l24-d0768-checkpoints-lr-1e-4	0.6008372929590851
sup_pcv2-l24-d0768-checkpoints-lr-1e-4	0.5274278619420072
sup_pcv2-l24-d0768-checkpoints-lr-1e-4	0.5842999151972886
sup_pcv2-l24-d0768-checkpoints-lr-1e-4	0.4229520028706817
sup_pcv2-l24-d0768-checkpoints-lr-1e-4	0.5979342227286433
