species	context	model	ap	color	alpha	baseline
arabidopsis_thaliana	c300	pcv2-l24-d0768	0.6210993678971016	C0	0.4	0.04290924199058259
arabidopsis_thaliana	c300	pcv2-l48-d1024	0.6549865348827107	C0	0.7	0.04290924199058259
arabidopsis_thaliana	c300	pcv2-l48-d1536	0.6615893506198289	C0	1.0	0.04290924199058259
arabidopsis_thaliana	c300	agront	0.570174841766027	gray	1.0	0.04290924199058259
arabidopsis_thaliana	c300	sup_pcv2-l24-d0768	0.5514104234855457	C1	1.0	0.04290924199058259
arabidopsis_thaliana	c300	cnn-lstm	0.46373749186915436	C1	0.5	0.04290924199058259
arabidopsis_thaliana	c600	pcv2-l24-d0768	0.7882234082603021	C0	0.4	0.08614571011063948
arabidopsis_thaliana	c600	pcv2-l48-d1024	0.8056215484927077	C0	0.7	0.08614571011063948
arabidopsis_thaliana	c600	pcv2-l48-d1536	0.8130531762132911	C0	1.0	0.08614571011063948
arabidopsis_thaliana	c600	agront	0.7337623441750782	gray	1.0	0.08614571011063948
arabidopsis_thaliana	c600	sup_pcv2-l24-d0768	0.7133202240168739	C1	1.0	0.08614571011063948
arabidopsis_thaliana	c600	cnn-lstm	0.6532172447546281	C1	0.5	0.08614571011063948
arabidopsis_thaliana	c1000	pcv2-l24-d0768	0.8643454975469738	C0	0.4	0.14479638009049775
arabidopsis_thaliana	c1000	pcv2-l48-d1024	0.8608283253564323	C0	0.7	0.14479638009049775
arabidopsis_thaliana	c1000	pcv2-l48-d1536	0.8856836934342112	C0	1.0	0.14479638009049775
arabidopsis_thaliana	c1000	agront	0.8269813233564154	gray	1.0	0.14479638009049775
arabidopsis_thaliana	c1000	sup_pcv2-l24-d0768	0.7960346273097134	C1	1.0	0.14479638009049775
arabidopsis_thaliana	c1000	cnn-lstm	0.7565473428968218	C1	0.5	0.14479638009049775
eutrema_salsugineum	c300	pcv2-l24-d0768	0.3359070691708657	C0	0.4	0.01891574402729078
eutrema_salsugineum	c300	pcv2-l48-d1024	0.3690148943186712	C0	0.7	0.01891574402729078
eutrema_salsugineum	c300	pcv2-l48-d1536	0.36910598053641946	C0	1.0	0.01891574402729078
eutrema_salsugineum	c300	agront	0.2831843596713848	gray	1.0	0.01891574402729078
eutrema_salsugineum	c300	sup_pcv2-l24-d0768	0.2574897950925747	C1	1.0	0.01891574402729078
eutrema_salsugineum	c300	cnn-lstm	0.1821448540805803	C1	0.5	0.01891574402729078
eutrema_salsugineum	c600	pcv2-l24-d0768	0.524646129232172	C0	0.4	0.03768044029710941
eutrema_salsugineum	c600	pcv2-l48-d1024	0.39244638934898685	C0	0.7	0.03768044029710941
eutrema_salsugineum	c600	pcv2-l48-d1536	0.553872974374555	C0	1.0	0.03768044029710941
eutrema_salsugineum	c600	agront	0.4575886177835724	gray	1.0	0.03768044029710941
eutrema_salsugineum	c600	sup_pcv2-l24-d0768	0.41711477313710754	C1	1.0	0.03768044029710941
eutrema_salsugineum	c600	cnn-lstm	0.3453120474956966	C1	0.5	0.03768044029710941
eutrema_salsugineum	c1000	pcv2-l24-d0768	0.6433695405310702	C0	0.4	0.06255095359790483
eutrema_salsugineum	c1000	pcv2-l48-d1024	0.6427923069070279	C0	0.7	0.06255095359790483
eutrema_salsugineum	c1000	pcv2-l48-d1536	0.6772952752131269	C0	1.0	0.06255095359790483
eutrema_salsugineum	c1000	agront	0.5887936102324869	gray	1.0	0.06255095359790483
eutrema_salsugineum	c1000	sup_pcv2-l24-d0768	0.5254137309196197	C1	1.0	0.06255095359790483
eutrema_salsugineum	c1000	cnn-lstm	0.4524206006757929	C1	0.5	0.06255095359790483
populus_trichocarpa	c300	pcv2-l24-d0768	0.27837637127822534	C0	0.4	0.017776540910438732
populus_trichocarpa	c300	pcv2-l48-d1024	0.310205774397998	C0	0.7	0.017776540910438732
populus_trichocarpa	c300	pcv2-l48-d1536	0.033671232152727874	C0	1.0	0.017776540910438732
populus_trichocarpa	c300	agront	0.19255762829733847	gray	1.0	0.017776540910438732
populus_trichocarpa	c300	sup_pcv2-l24-d0768	0.027831424048740155	C1	1.0	0.017776540910438732
populus_trichocarpa	c300	cnn-lstm	0.08613484925636371	C1	0.5	0.017776540910438732
populus_trichocarpa	c600	pcv2-l24-d0768	0.45784175295473073	C0	0.4	0.035772711168950685
populus_trichocarpa	c600	pcv2-l48-d1024	0.5113563270977561	C0	0.7	0.035772711168950685
populus_trichocarpa	c600	pcv2-l48-d1536	0.48635573775438373	C0	1.0	0.035772711168950685
populus_trichocarpa	c600	agront	0.3991479362350493	gray	1.0	0.035772711168950685
populus_trichocarpa	c600	sup_pcv2-l24-d0768	0.18820784556752992	C1	1.0	0.035772711168950685
populus_trichocarpa	c600	cnn-lstm	0.18990479060814147	C1	0.5	0.035772711168950685
populus_trichocarpa	c1000	pcv2-l24-d0768	0.5742583507082741	C0	0.4	0.06008937501633315
populus_trichocarpa	c1000	pcv2-l48-d1024	0.5897944539402584	C0	0.7	0.06008937501633315
populus_trichocarpa	c1000	pcv2-l48-d1536	0.5757869026655518	C0	1.0	0.06008937501633315
populus_trichocarpa	c1000	agront	0.5687837806419108	gray	1.0	0.06008937501633315
populus_trichocarpa	c1000	sup_pcv2-l24-d0768	0.3030993369672832	C1	1.0	0.06008937501633315
populus_trichocarpa	c1000	cnn-lstm	0.26529846693875253	C1	0.5	0.06008937501633315
phaseolus_vulgaris	c300	pcv2-l24-d0768	0.2895889974803223	C0	0.4	0.011097970801365636
phaseolus_vulgaris	c300	pcv2-l48-d1024	0.2960177825693796	C0	0.7	0.011097970801365636
phaseolus_vulgaris	c300	pcv2-l48-d1536	0.029267286366027073	C0	1.0	0.011097970801365636
phaseolus_vulgaris	c300	agront	0.22382212630412823	gray	1.0	0.011097970801365636
phaseolus_vulgaris	c300	sup_pcv2-l24-d0768	0.022915939839542637	C1	1.0	0.011097970801365636
phaseolus_vulgaris	c300	cnn-lstm	0.09362340937369762	C1	0.5	0.011097970801365636
phaseolus_vulgaris	c600	pcv2-l24-d0768	0.4719488734047137	C0	0.4	0.022224554406954575
phaseolus_vulgaris	c600	pcv2-l48-d1024	0.4767038241332022	C0	0.7	0.022224554406954575
phaseolus_vulgaris	c600	pcv2-l48-d1536	0.4853953964647907	C0	1.0	0.022224554406954575
phaseolus_vulgaris	c600	agront	0.4367082419019372	gray	1.0	0.022224554406954575
phaseolus_vulgaris	c600	sup_pcv2-l24-d0768	0.2701510101589989	C1	1.0	0.022224554406954575
phaseolus_vulgaris	c600	cnn-lstm	0.21477034871777534	C1	0.5	0.022224554406954575
phaseolus_vulgaris	c1000	pcv2-l24-d0768	0.6035263659375856	C0	0.4	0.037133279579234256
phaseolus_vulgaris	c1000	pcv2-l48-d1024	0.5716208692610434	C0	0.7	0.037133279579234256
phaseolus_vulgaris	c1000	pcv2-l48-d1536	0.5694113938156067	C0	1.0	0.037133279579234256
phaseolus_vulgaris	c1000	agront	0.5678859308319477	gray	1.0	0.037133279579234256
phaseolus_vulgaris	c1000	sup_pcv2-l24-d0768	0.37134864053142913	C1	1.0	0.037133279579234256
phaseolus_vulgaris	c1000	cnn-lstm	0.31222017591550577	C1	0.5	0.037133279579234256
glycine_max	c300	pcv2-l24-d0768	0.3187114592674032	C0	0.4	0.007492286943296884
glycine_max	c300	pcv2-l48-d1024	0.3408889913021496	C0	0.7	0.007492286943296884
glycine_max	c300	pcv2-l48-d1536	0.01914711143876106	C0	1.0	0.007492286943296884
glycine_max	c300	agront	0.22951144514641697	gray	1.0	0.007492286943296884
glycine_max	c300	sup_pcv2-l24-d0768	0.014517212119577983	C1	1.0	0.007492286943296884
glycine_max	c300	cnn-lstm	0.06355222073452382	C1	0.5	0.007492286943296884
glycine_max	c600	pcv2-l24-d0768	0.496623761522076	C0	0.4	0.015005971587489788
glycine_max	c600	pcv2-l48-d1024	0.4948356658718263	C0	0.7	0.015005971587489788
glycine_max	c600	pcv2-l48-d1536	0.511135506530132	C0	1.0	0.015005971587489788
glycine_max	c600	agront	0.4158883258794689	gray	1.0	0.015005971587489788
glycine_max	c600	sup_pcv2-l24-d0768	0.20171499232013743	C1	1.0	0.015005971587489788
glycine_max	c600	cnn-lstm	0.1666597386679372	C1	0.5	0.015005971587489788
glycine_max	c1000	pcv2-l24-d0768	0.6031576378054161	C0	0.4	0.02508232239738556
glycine_max	c1000	pcv2-l48-d1024	0.5591340621289338	C0	0.7	0.02508232239738556
glycine_max	c1000	pcv2-l48-d1536	0.5804633914864284	C0	1.0	0.02508232239738556
glycine_max	c1000	agront	0.5352381835162672	gray	1.0	0.02508232239738556
glycine_max	c1000	sup_pcv2-l24-d0768	0.306797993502596	C1	1.0	0.02508232239738556
glycine_max	c1000	cnn-lstm	0.2541814343187109	C1	0.5	0.02508232239738556
brachypodium_distachyon	c300	pcv2-l24-d0768	0.08930260045317076	C0	0.4	0.015779887330047128
brachypodium_distachyon	c300	pcv2-l48-d1024	0.12569711628521613	C0	0.7	0.015779887330047128
brachypodium_distachyon	c300	pcv2-l48-d1536	0.10431067809811154	C0	1.0	0.015779887330047128
brachypodium_distachyon	c300	agront	0.07099170746540445	gray	1.0	0.015779887330047128
brachypodium_distachyon	c300	sup_pcv2-l24-d0768	0.028212263451678314	C1	1.0	0.015779887330047128
brachypodium_distachyon	c300	cnn-lstm	0.02477300561467394	C1	0.5	0.015779887330047128
brachypodium_distachyon	c600	pcv2-l24-d0768	0.2761467208910746	C0	0.4	0.03155342545539921
brachypodium_distachyon	c600	pcv2-l48-d1024	0.20557444449017848	C0	0.7	0.03155342545539921
brachypodium_distachyon	c600	pcv2-l48-d1536	0.29767575242075867	C0	1.0	0.03155342545539921
brachypodium_distachyon	c600	agront	0.21683497059228946	gray	1.0	0.03155342545539921
brachypodium_distachyon	c600	sup_pcv2-l24-d0768	0.05680857491053218	C1	1.0	0.03155342545539921
brachypodium_distachyon	c600	cnn-lstm	0.05808785986620889	C1	0.5	0.03155342545539921
brachypodium_distachyon	c1000	pcv2-l24-d0768	0.4365072639011249	C0	0.4	0.05271859759319936
brachypodium_distachyon	c1000	pcv2-l48-d1024	0.4741436288205013	C0	0.7	0.05271859759319936
brachypodium_distachyon	c1000	pcv2-l48-d1536	0.4165470579746019	C0	1.0	0.05271859759319936
brachypodium_distachyon	c1000	agront	0.36264414386371535	gray	1.0	0.05271859759319936
brachypodium_distachyon	c1000	sup_pcv2-l24-d0768	0.0735964410291259	C1	1.0	0.05271859759319936
brachypodium_distachyon	c1000	cnn-lstm	0.10593332708541242	C1	0.5	0.05271859759319936
hordeum_vulgare	c300	pcv2-l24-d0768	0.013656809601516693	C0	0.4	0.0020074846128281323
hordeum_vulgare	c300	pcv2-l48-d1024	0.026548193831182308	C0	0.7	0.0020074846128281323
hordeum_vulgare	c300	pcv2-l48-d1536	0.003880961377581837	C0	1.0	0.0020074846128281323
hordeum_vulgare	c300	agront	0.011677931526329512	gray	1.0	0.0020074846128281323
hordeum_vulgare	c300	sup_pcv2-l24-d0768	0.003085346575534713	C1	1.0	0.0020074846128281323
hordeum_vulgare	c300	cnn-lstm	0.003210948604442284	C1	0.5	0.0020074846128281323
hordeum_vulgare	c600	pcv2-l24-d0768	0.11429095246085694	C0	0.4	0.004014915456939465
hordeum_vulgare	c600	pcv2-l48-d1024	0.11773246829332534	C0	0.7	0.004014915456939465
hordeum_vulgare	c600	pcv2-l48-d1536	0.10973159935172189	C0	1.0	0.004014915456939465
hordeum_vulgare	c600	agront	0.07427211240492569	gray	1.0	0.004014915456939465
hordeum_vulgare	c600	sup_pcv2-l24-d0768	0.008502550363736662	C1	1.0	0.004014915456939465
hordeum_vulgare	c600	cnn-lstm	0.009451655458914361	C1	0.5	0.004014915456939465
hordeum_vulgare	c1000	pcv2-l24-d0768	0.20239259295175385	C0	0.4	0.006691030240710757
hordeum_vulgare	c1000	pcv2-l48-d1024	0.29419601545829865	C0	0.7	0.006691030240710757
hordeum_vulgare	c1000	pcv2-l48-d1536	0.1988778484661819	C0	1.0	0.006691030240710757
hordeum_vulgare	c1000	agront	0.19293214344479553	gray	1.0	0.006691030240710757
hordeum_vulgare	c1000	sup_pcv2-l24-d0768	0.012348007959124038	C1	1.0	0.006691030240710757
hordeum_vulgare	c1000	cnn-lstm	0.017602274841525583	C1	0.5	0.006691030240710757
oryza_sativa	c300	pcv2-l24-d0768	0.26378195373543145	C0	0.4	0.019403009340172497
oryza_sativa	c300	pcv2-l48-d1024	0.35275707756827435	C0	0.7	0.019403009340172497
oryza_sativa	c300	pcv2-l48-d1536	0.28987955583488656	C0	1.0	0.019403009340172497
oryza_sativa	c300	agront	0.1885741198184265	gray	1.0	0.019403009340172497
oryza_sativa	c300	sup_pcv2-l24-d0768	0.07717914304667316	C1	1.0	0.019403009340172497
oryza_sativa	c300	cnn-lstm	0.054043944705848154	C1	0.5	0.019403009340172497
oryza_sativa	c600	pcv2-l24-d0768	0.5113105818213552	C0	0.4	0.03897359989935972
oryza_sativa	c600	pcv2-l48-d1024	0.3997107094305543	C0	0.7	0.03897359989935972
oryza_sativa	c600	pcv2-l48-d1536	0.5220645029933308	C0	1.0	0.03897359989935972
oryza_sativa	c600	agront	0.4146865290298822	gray	1.0	0.03897359989935972
oryza_sativa	c600	sup_pcv2-l24-d0768	0.17200562184826412	C1	1.0	0.03897359989935972
oryza_sativa	c600	cnn-lstm	0.142907905547725	C1	0.5	0.03897359989935972
oryza_sativa	c1000	pcv2-l24-d0768	0.6193907335789215	C0	0.4	0.06537771686136419
oryza_sativa	c1000	pcv2-l48-d1024	0.552219202573256	C0	0.7	0.06537771686136419
oryza_sativa	c1000	pcv2-l48-d1536	0.4536475839021855	C0	1.0	0.06537771686136419
oryza_sativa	c1000	agront	0.48014663357302567	gray	1.0	0.06537771686136419
oryza_sativa	c1000	sup_pcv2-l24-d0768	0.20542826872105813	C1	1.0	0.06537771686136419
oryza_sativa	c1000	cnn-lstm	0.22717696527380166	C1	0.5	0.06537771686136419
setaria_viridis	c300	pcv2-l24-d0768	0.23596961073661354	C0	0.4	0.01950454435775758
setaria_viridis	c300	pcv2-l48-d1024	0.30780308455627914	C0	0.7	0.01950454435775758
setaria_viridis	c300	pcv2-l48-d1536	0.24148937888737468	C0	1.0	0.01950454435775758
setaria_viridis	c300	agront	0.18508297796757917	gray	1.0	0.01950454435775758
setaria_viridis	c300	sup_pcv2-l24-d0768	0.05037425942580998	C1	1.0	0.01950454435775758
setaria_viridis	c300	cnn-lstm	0.042666128850102916	C1	0.5	0.01950454435775758
setaria_viridis	c600	pcv2-l24-d0768	0.5106961668786847	C0	0.4	0.039089696255158075
setaria_viridis	c600	pcv2-l48-d1024	0.5524444358411444	C0	0.7	0.039089696255158075
setaria_viridis	c600	pcv2-l48-d1536	0.5379018696779977	C0	1.0	0.039089696255158075
setaria_viridis	c600	agront	0.4703243445182622	gray	1.0	0.039089696255158075
setaria_viridis	c600	sup_pcv2-l24-d0768	0.11349077320957092	C1	1.0	0.039089696255158075
setaria_viridis	c600	cnn-lstm	0.10998009412853195	C1	0.5	0.039089696255158075
setaria_viridis	c1000	pcv2-l24-d0768	0.6543143302233576	C0	0.4	0.06544080552131605
setaria_viridis	c1000	pcv2-l48-d1024	0.6666147340304609	C0	0.7	0.06544080552131605
setaria_viridis	c1000	pcv2-l48-d1536	0.563842558864993	C0	1.0	0.06544080552131605
setaria_viridis	c1000	agront	0.6244132051162835	gray	1.0	0.06544080552131605
setaria_viridis	c1000	sup_pcv2-l24-d0768	0.1400496887362926	C1	1.0	0.06544080552131605
setaria_viridis	c1000	cnn-lstm	0.2069939075852905	C1	0.5	0.06544080552131605
sorghum_bicolor	c300	pcv2-l24-d0768	0.1187568249662712	C0	0.4	0.008893114711791618
sorghum_bicolor	c300	pcv2-l48-d1024	0.19362510626523116	C0	0.7	0.008893114711791618
sorghum_bicolor	c300	pcv2-l48-d1536	0.13629612406836555	C0	1.0	0.008893114711791618
sorghum_bicolor	c300	agront	0.0818350354284923	gray	1.0	0.008893114711791618
sorghum_bicolor	c300	sup_pcv2-l24-d0768	0.01837276507474627	C1	1.0	0.008893114711791618
sorghum_bicolor	c300	cnn-lstm	0.0163735670172325	C1	0.5	0.008893114711791618
sorghum_bicolor	c600	pcv2-l24-d0768	0.4086308201947825	C0	0.4	0.017806521519423565
sorghum_bicolor	c600	pcv2-l48-d1024	0.4438247274058862	C0	0.7	0.017806521519423565
sorghum_bicolor	c600	pcv2-l48-d1536	0.4015007012005427	C0	1.0	0.017806521519423565
sorghum_bicolor	c600	agront	0.29637072934189534	gray	1.0	0.017806521519423565
sorghum_bicolor	c600	sup_pcv2-l24-d0768	0.051576000390776	C1	1.0	0.017806521519423565
sorghum_bicolor	c600	cnn-lstm	0.055033357851812084	C1	0.5	0.017806521519423565
sorghum_bicolor	c1000	pcv2-l24-d0768	0.5431739892295894	C0	0.4	0.02972783634183689
sorghum_bicolor	c1000	pcv2-l48-d1024	0.5741968307170713	C0	0.7	0.02972783634183689
sorghum_bicolor	c1000	pcv2-l48-d1536	0.4557338552403053	C0	1.0	0.02972783634183689
sorghum_bicolor	c1000	agront	0.4361991865665238	gray	1.0	0.02972783634183689
sorghum_bicolor	c1000	sup_pcv2-l24-d0768	0.0704150406520609	C1	1.0	0.02972783634183689
sorghum_bicolor	c1000	cnn-lstm	0.10734568835422355	C1	0.5	0.02972783634183689
zea_mays	c300	pcv2-l24-d0768	0.04091960365370296	C0	0.4	0.004585982332693328
zea_mays	c300	pcv2-l48-d1024	0.09453656679489468	C0	0.7	0.004585982332693328
zea_mays	c300	pcv2-l48-d1536	0.011401264036255736	C0	1.0	0.004585982332693328
zea_mays	c300	agront	0.04787745254004064	gray	1.0	0.004585982332693328
zea_mays	c300	sup_pcv2-l24-d0768	0.007300305665846655	C1	1.0	0.004585982332693328
zea_mays	c300	cnn-lstm	0.007988950460294466	C1	0.5	0.004585982332693328
zea_mays	c600	pcv2-l24-d0768	0.23109724905569806	C0	0.4	0.00917100240059074
zea_mays	c600	pcv2-l48-d1024	0.3424370575873629	C0	0.7	0.00917100240059074
zea_mays	c600	pcv2-l48-d1536	0.18221516017833223	C0	1.0	0.00917100240059074
zea_mays	c600	agront	0.22023130892311196	gray	1.0	0.00917100240059074
zea_mays	c600	sup_pcv2-l24-d0768	0.02237264196249506	C1	1.0	0.00917100240059074
zea_mays	c600	cnn-lstm	0.023135876271614123	C1	0.5	0.00917100240059074
zea_mays	c1000	pcv2-l24-d0768	0.43212872732281943	C0	0.4	0.015289684022621852
zea_mays	c1000	pcv2-l48-d1024	0.5705683858524192	C0	0.7	0.015289684022621852
zea_mays	c1000	pcv2-l48-d1536	0.37759772520822354	C0	1.0	0.015289684022621852
zea_mays	c1000	agront	0.4000639408816139	gray	1.0	0.015289684022621852
zea_mays	c1000	sup_pcv2-l24-d0768	0.031460147807461855	C1	1.0	0.015289684022621852
zea_mays	c1000	cnn-lstm	0.04350487540071385	C1	0.5	0.015289684022621852
