position	A	C	G	T
-100	-0.007266216848130247	-0.004895712589703589	-0.002891974696645253	-0.007791523763942931
-99	-0.006658589913567312	-0.003030401911532386	-0.0028434997019941744	-0.00716898767268863
-98	-0.006397897248840802	-0.0016664415320719898	-0.0034138074735915497	-0.005621936547362755
-97	-0.005323026212316412	-0.0029384541061827953	-0.0030053334582198	-0.006092243895894821
-96	-0.005793149726099552	-0.0024948475670149937	-0.0037385486915269195	-0.006410081863818425
-95	-0.0062088659399275	-0.0022052464917883216	-0.0039833225279054495	-0.00504087198579623
-94	-0.005466350903790089	-0.0026280070569620244	-0.0027343598600621955	-0.005317570942546994
-93	-0.005641423372703412	-0.0016369636887089514	-0.003432169459579181	-0.0057045478866396765
-92	-0.005837762900286384	-0.0008687499659709625	-0.0032011642514310876	-0.00430793040705563
-91	-0.005797275822454308	-0.002582798466050079	-0.0025071424477880085	-0.00572451844680851
-90	-0.005525931199684293	-0.0022241961245753113	-0.0030224994544644852	-0.006522213438577871
-89	-0.0059885162202619625	-0.002094477355932203	-0.0037112811427949506	-0.004824090928417651
-88	-0.005365069731491137	-0.002329166430499325	-0.0025719523518850994	-0.005792529951845905
-87	-0.0059262225551232174	-0.002038535080935252	-0.0031056493392857135	-0.006367517557541294
-86	-0.006360421987228607	-0.0023501230039251913	-0.003933069290780142	-0.005571252105970952
-85	-0.0062649099297058045	-0.0028987182250502356	-0.0030635106185567017	-0.006327783400108284
-84	-0.005672241969061351	-0.0019763271347806423	-0.003365262874502873	-0.006706677495961227
-83	-0.006416179827541155	-0.00151922207358619	-0.003649173018453427	-0.004794282736870601
-82	-0.0058193936004162315	-0.0020083414114182145	-0.003122127161319074	-0.005607132648793565
-81	-0.0060896367535174575	-0.0017631110235162375	-0.0034754438923908144	-0.005718236890913964
-80	-0.0063749844521783965	-0.0017451020667581148	-0.003473005741963892	-0.0053935130589513715
-79	-0.005733797595528985	-0.00233915920252309	-0.0028008287887575285	-0.005574981775020231
-78	-0.006464138161648177	-0.0019099561705989104	-0.003411009208888888	-0.006836199899524061
-77	-0.006966920578554899	-0.0016737457016348777	-0.003741409867285998	-0.005571655204806116
-76	-0.006047583601562499	-0.002453899831460675	-0.002811803711316919	-0.005955264495876562
-75	-0.006054631328432658	-0.0023126435638177287	-0.003031573514906972	-0.0060918806877470364
-74	-0.0059473649648711935	-0.001307668371082132	-0.0035118164565026357	-0.0050849014609164415
-73	-0.006402697164642028	-0.002602826223713647	-0.003417321012145747	-0.006224673649417502
-72	-0.006306965922657669	-0.0020629258716625535	-0.0032410115443322115	-0.006582281350040422
-71	-0.006505403262210797	-0.0018286530054644817	-0.004143005263273367	-0.005154427744774477
-70	-0.00615322298580645	-0.0026987486842105267	-0.0033113707958399266	-0.006132190206323687
-69	-0.006345381985294117	-0.002604121905084748	-0.0036962176252527523	-0.007077897552742616
-68	-0.006839527376535145	-0.002258322540368433	-0.003772501675722669	-0.005636787145987399
-67	-0.006345608708158995	-0.0026559260954301077	-0.002982833484646195	-0.006004310002707092
-66	-0.0064926620345640215	-0.0018207089248035914	-0.0038161605098831993	-0.006486772535999999
-65	-0.006966011681256436	-0.0020436892684594344	-0.004122290787401576	-0.005568939306167401
-64	-0.006254504967044554	-0.0023316469893448193	-0.0029581245778781042	-0.006036108097345133
-63	-0.006200208266737233	-0.0022436361632835146	-0.003273756403607665	-0.007058227197671341
-62	-0.0061964464345991566	-0.00181822849909991	-0.003699175182593483	-0.0051896827270248155
-61	-0.005865793664419085	-0.0020548320723163846	-0.0028218638092016237	-0.006392493411326774
-60	-0.005504001932794999	-0.0016904889904934368	-0.0031448197223466175	-0.006302772001065815
-59	-0.005442828176810074	-0.0011279816446769782	-0.003267786606826241	-0.005213177768903086
-58	-0.005638291291753653	-0.0020143958948799267	-0.002589408808359271	-0.006078237245444802
-57	-0.006067922748538012	-0.0017480367179371183	-0.002771688765652952	-0.006339549065689609
-56	-0.006672951281373845	-0.0012305773573369572	-0.004033689995624591	-0.005779923879589632
-55	-0.005504535857707511	-0.002221671036269429	-0.003181455818634102	-0.007187984837696334
-54	-0.005508950253405994	-0.002826951383073496	-0.0036533533296238584	-0.008075832542505886
-53	-0.005431991609346285	-0.0017819330080552363	-0.0044295682444590746	-0.006361475880478087
-52	-0.005416898164693218	-0.0033663627356580426	-0.003164122663530464	-0.007588900407686314
-51	-0.0067184291401273894	-0.0037925334710382508	-0.005733238802083334	-0.00937830181297213
-50	-0.008965523362766738	-0.004358014543248013	-0.0059999757660044156	-0.006111582472280492
-49	-0.009242258933136677	-0.004698823311847078	-0.0020141178867157735	-0.009511061699395768
-48	-0.008526342784776902	-0.003175185181898847	-0.00234172012451003	-0.008601828348599842
-47	-0.008803563022533021	-7.087161098398051e-05	-0.003963530887912089	-0.007366065185385655
-46	-0.007231895290535396	-0.0026436121325518476	-0.0025278448278236916	-0.00650986777184077
-45	-0.006781925257459731	-0.001803827720044792	-0.0028697919317406135	-0.007242516550013058
-44	-0.008025110010261674	-0.0010554926926605501	-0.00410607116692257	-0.006077349950806229
-43	-0.006412432894267515	-0.0020152411321179373	-0.0029041218305084745	-0.006280668370893293
-42	-0.006627523387765682	-0.0013693647268571436	-0.0029443215220802507	-0.0068720909042834484
-41	-0.008451004636222911	-0.0008131268657407413	-0.004905682127519719	-0.0057371797093649065
-40	-0.006395811485451762	-0.0017864270385580642	-0.0026431506446505312	-0.005972377517314863
-39	-0.006188998884514436	-0.0018395904412099157	-0.0027166524836601306	-0.007143462330375783
-38	-0.007772529948533195	-0.0006153462339154403	-0.004250787235359116	-0.005118640067330999
-37	-0.006928815192604006	-0.0012463271418903662	-0.002724730921470722	-0.005634852711728559
-36	-0.006490567395109395	-0.001414166623553437	-0.0029313445882352945	-0.0070481233395324125
-35	-0.007792663973629784	-1.792742152987749e-05	-0.004079262246994534	-0.004904908448553054
-34	-0.006706888555356685	-0.0010482544346249712	-0.002493423712239874	-0.005509590317675807
-33	-0.006844671328545781	-0.0014457322674813313	-0.00400637506303467	-0.007112488939720128
-32	-0.0075230543701996925	-0.0003207976408125575	-0.004658878862839614	-0.005784882798040283
-31	-0.00639110697476828	-0.0006388788272440229	-0.00248051909090909	-0.0046185169808263555
-30	-0.006126285732747479	-0.000941042927443351	-0.0029956159968743024	-0.006978157079010374
-29	-0.007162041112816577	3.948649026345952e-05	-0.00447727256660746	-0.005410075870740941
-28	-0.0066001242189105865	-0.0005649139924293039	-0.0026960601654203485	-0.005313613293478262
-27	-0.006661038531468531	-0.0005702336812057537	-0.0036599932748538006	-0.00651706791292876
-26	-0.007741448835965359	-3.6553556168159664e-05	-0.004798130661845276	-0.005758841695101815
-25	-0.0074157939560717005	-0.0009101993473827331	-0.003461480368945224	-0.006255200298588491
-24	-0.006824508053830228	-0.0005360530400181894	-0.004321268781200809	-0.007193164759755775
-23	-0.008197834181122448	-0.00022211829993089172	-0.004620777785588753	-0.005424035853125853
-22	-0.007418073946957878	-0.0007978918431818185	-0.003438260470008952	-0.00636029328548644
-21	-0.006628203646783016	-0.0007494755848546322	-0.003322463603421111	-0.007151344578120842
-20	-0.007637768434253863	-0.00015036875433325657	-0.004460419476474487	-0.005746624089795919
-19	-0.006919570230964467	-0.0006499207514188423	-0.002825950569577842	-0.006218780903119868
-18	-0.0069461927682737176	-0.00046994846343651874	-0.0032975044071235334	-0.0071124735177228796
-17	-0.007717926652998462	0.0007962441175120489	-0.004673445759355961	-0.005687175109085887
-16	-0.006991111420133538	6.575077795418519e-05	-0.0034265880969479357	-0.005734965176217379
-15	-0.006400896347462063	-0.0005204261676781302	-0.0030325160663615554	-0.0063731566127770535
-14	-0.007750061142857143	3.193674781809868e-05	-0.004609339912816043	-0.0048845318871057
-13	-0.0072450411291126605	-0.0005655784432107332	-0.003424141350684316	-0.0059044363762215
-12	-0.007282787175689478	-0.0015812831124048365	-0.00256130450340136	-0.007469827635722041
-11	-0.00829372442618807	-0.00028966124101136693	-0.0035637592178282703	-0.0070333271998898675
-10	-0.007792898313161876	-0.0002828561186168991	-0.0026355388458927363	-0.006675166557465091
-9	-0.007866823022584032	8.56466495076109e-05	-0.0032548620456084895	-0.0068381435932113495
-8	-0.0074456486737058975	0.0010785744931192654	-0.0038320877372899857	-0.005325573687671233
-7	-0.007423665352467271	0.00023743732481168776	-0.003746054143147438	-0.004794705966432052
-6	-0.0065317711340738835	0.0021415041404468757	-0.0033221182631223245	-0.004600521325396825
-5	-0.007848060833974853	0.0026352862819916225	-0.0038700830316154185	-0.004814228624078624
-4	-0.008038510726759117	0.0017082438708210142	-7.223184228263361e-05	-0.0049395848178896634
-3	-0.006694751667977969	0.003074727274171585	-0.0005473308685918971	-0.007427354058047494
-2	-0.005809651579082285	0.0029683682475629115	-0.001380230790861159	-0.005570561525470653
-1	-0.007078605880263826	0.005889761700045517	0.0014109491518560179	-0.0055434415507442485
